{"t_mean_train": 26.4104, "t_std_train": 0.627096874572039, "h_mean_train": 38.2924, "h_std_train": 1.507898203261175, "threshold": 0.26954310570966833}